Customer ID,total_sales,order_count,last_order,recency_days,cluster,segment
AA-10315,5563.56,5,2018-06-29,184,2,Silver
AA-10375,1056.39,9,2018-12-11,19,0,Gold
AA-10480,1790.5120000000002,4,2018-04-15,259,2,Silver
AA-10645,5086.9349999999995,6,2018-11-05,55,0,Gold
AB-10015,886.156,3,2017-11-10,415,1,Bronze
AB-10060,7755.62,8,2018-11-06,54,3,Platinum
AB-10105,14473.570999999998,10,2018-11-19,41,3,Platinum
AB-10150,966.71,5,2018-11-19,41,2,Silver
AB-10165,1113.838,8,2018-12-05,25,0,Gold
AB-10255,914.5319999999999,9,2018-07-17,166,0,Gold
AB-10600,1515.862,4,2018-11-10,50,2,Silver
AC-10420,925.8,3,2018-05-12,232,2,Silver
AC-10450,5527.846,7,2018-12-19,11,0,Gold
AC-10615,2537.6859999999997,5,2018-12-24,6,2,Silver
AC-10660,657.316,5,2018-03-23,282,2,Silver
AD-10180,6106.88,8,2018-12-01,29,0,Gold
AF-10870,2052.908,7,2018-11-19,41,0,Gold
AF-10885,861.565,4,2017-11-10,415,1,Bronze
AG-10270,2582.898,5,2018-03-27,278,2,Silver
AG-10300,367.548,4,2018-09-03,118,2,Silver
AG-10330,660.972,5,2018-12-22,8,2,Silver
AG-10390,200.945,5,2018-09-07,114,2,Silver
AG-10495,1419.247,7,2018-10-13,78,0,Gold
AG-10525,1455.038,4,2016-09-07,844,1,Bronze
AG-10675,3489.0396000000005,7,2018-09-24,97,0,Gold
AG-10765,170.584,4,2018-10-14,77,2,Silver
AG-10900,4510.797,10,2018-09-25,96,0,Gold
AH-10030,1744.7,7,2018-12-18,12,0,Gold
AH-10075,3250.337,10,2018-11-26,34,0,Gold
AH-10120,1735.5140000000001,7,2018-10-31,60,0,Gold
AH-10195,1587.452,4,2018-11-05,55,2,Silver
AH-10210,4805.344,9,2018-12-24,6,0,Gold
AH-10465,2495.3916,5,2018-05-14,230,2,Silver
AH-10585,738.504,4,2018-12-09,21,2,Silver
AH-10690,7888.294,12,2017-11-15,410,3,Platinum
AI-10855,4375.786,10,2018-12-17,13,0,Gold
AJ-10780,4867.344,7,2018-10-16,75,0,Gold
AJ-10795,4501.391,7,2018-07-17,166,0,Gold
AJ-10945,1829.896,6,2018-08-31,121,2,Silver
AJ-10960,629.2479999999999,3,2018-10-17,74,2,Silver
AM-10360,814.012,5,2018-12-02,28,2,Silver
AM-10705,5664.022,8,2018-07-21,162,0,Gold
AO-10810,161.28,1,2017-08-16,501,1,Bronze
AP-10720,545.932,6,2018-11-19,41,2,Silver
AP-10915,3323.556,10,2018-09-23,98,0,Gold
AR-10345,1055.694,4,2018-09-10,111,2,Silver
AR-10405,2236.128,5,2018-08-27,125,2,Silver
AR-10510,264.86400000000003,5,2018-12-16,14,2,Silver
AR-10540,6608.448,6,2018-12-24,6,3,Platinum
AR-10570,88.15,1,2017-07-14,534,1,Bronze
AR-10825,4523.336,8,2018-11-02,58,0,Gold
AS-10045,3050.692,7,2018-10-03,88,0,Gold
AS-10090,3255.31,9,2018-12-02,28,0,Gold
AS-10135,58.82,2,2018-11-19,41,2,Silver
AS-10225,4260.784,5,2018-12-08,22,2,Silver
AS-10240,503.968,5,2018-06-21,192,2,Silver
AS-10285,3214.236,6,2018-12-11,19,2,Silver
AS-10630,833.398,7,2018-09-29,92,2,Silver
AT-10435,1166.0720000000001,5,2018-12-09,21,2,Silver
AT-10735,3831.864,10,2018-12-17,13,0,Gold
AW-10840,649.376,4,2018-12-10,20,2,Silver
AW-10930,2852.968,7,2018-11-14,46,0,Gold
AY-10555,497.014,4,2018-12-16,14,2,Silver
AZ-10750,1622.0179999999998,6,2018-07-23,160,2,Silver
BB-10990,744.3399999999999,5,2018-09-16,105,2,Silver
BB-11545,6765.728,9,2018-12-02,28,3,Platinum
BC-11125,2933.676,9,2018-06-11,202,0,Gold
BD-11320,5718.521,12,2018-11-27,33,0,Gold
BD-11500,4411.2429999999995,6,2018-11-25,35,0,Gold
BD-11560,320.54,2,2018-03-27,278,2,Silver
BD-11605,2783.189,6,2018-09-24,97,2,Silver
BD-11620,1538.11,6,2018-10-22,69,2,Silver
BD-11635,582.646,3,2018-12-21,9,2,Silver
BD-11725,1526.5,6,2018-09-28,93,2,Silver
BD-11770,658.466,6,2018-02-06,327,2,Silver
BE-11335,4204.676,5,2018-09-02,119,2,Silver
BE-11410,2261.438,5,2018-09-23,98,2,Silver
BE-11455,748.026,5,2017-09-05,481,1,Bronze
BF-10975,599.798,7,2018-09-30,91,2,Silver
BF-11005,1333.88,4,2018-11-21,39,2,Silver
BF-11020,2888.506,8,2018-10-17,74,0,Gold
BF-11080,272.95,3,2018-12-05,25,2,Silver
BF-11170,5907.972,11,2018-12-14,16,0,Gold
BF-11215,1585.162,4,2018-10-26,65,2,Silver
BF-11275,791.9899999999999,3,2018-11-03,57,2,Silver
BG-11035,2798.948,8,2018-12-02,28,0,Gold
BG-11695,1874.172,6,2018-11-24,36,2,Silver
BG-11740,1006.356,6,2018-11-03,57,2,Silver
BH-11710,6255.351,8,2018-12-07,23,0,Gold
BK-11260,659.1379999999999,6,2018-10-14,77,2,Silver
BM-11140,11789.63,4,2018-02-26,307,3,Platinum
BM-11575,808.162,6,2018-09-21,100,2,Silver
BM-11650,7294.185,11,2018-11-27,33,3,Platinum
BM-11785,1338.842,10,2018-05-26,218,0,Gold
BN-11470,265.296,4,2018-12-06,24,2,Silver
BN-11515,1459.344,5,2018-12-21,9,2,Silver
BO-11350,2682.728,5,2018-08-15,137,2,Silver
BO-11425,130.83,2,2018-10-16,75,2,Silver
BP-11050,983.42,5,2018-10-08,83,2,Silver
BP-11095,2442.044,12,2018-12-13,17,0,Gold
BP-11155,1697.8609999999999,6,2018-10-02,89,2,Silver
BP-11185,3675.861,9,2018-12-29,1,0,Gold
BP-11230,1181.49,5,2018-11-21,39,2,Silver
BP-11290,2475.157,7,2018-12-18,12,0,Gold
BS-11365,10501.653,5,2017-06-20,558,3,Platinum
BS-11380,3887.834,5,2018-12-02,28,2,Silver
BS-11590,2454.928,6,2018-11-25,35,2,Silver
BS-11665,3288.1099999999997,3,2017-05-27,582,1,Bronze
BS-11755,2562.382,7,2018-12-29,1,0,Gold
BS-11800,949.4300000000001,2,2018-04-09,265,2,Silver
BT-11305,2567.656,5,2018-01-28,336,2,Silver
BT-11395,2186.6130000000003,6,2018-03-03,302,2,Silver
BT-11440,603.876,4,2017-06-18,560,1,Bronze
BT-11485,415.19599999999997,2,2017-03-11,659,1,Bronze
BT-11530,2684.4919999999997,5,2018-09-30,91,2,Silver
BT-11680,3196.752,7,2018-12-10,20,0,Gold
BV-11245,1523.2730000000001,5,2018-01-30,334,2,Silver
BW-11065,385.516,3,2018-06-01,212,2,Silver
BW-11110,4750.358,8,2018-08-31,121,0,Gold
BW-11200,1738.406,6,2018-06-10,203,2,Silver
CA-11965,3789.7228,6,2018-09-25,96,2,Silver
CA-12055,1679.7240000000002,5,2017-11-24,401,1,Bronze
CA-12265,2638.3272,8,2018-11-04,56,0,Gold
CA-12310,1421.954,4,2018-12-17,13,2,Silver
CA-12775,3041.566,7,2018-09-01,120,0,Gold
CB-12025,5730.669,9,2018-11-13,47,0,Gold
CB-12415,1949.2,8,2018-12-04,26,0,Gold
CB-12535,4246.4555,8,2018-06-16,197,0,Gold
CC-12100,1685.889,5,2017-09-29,457,1,Bronze
CC-12145,2471.65,7,2018-09-15,106,0,Gold
CC-12220,3670.258,11,2018-12-10,20,0,Gold
CC-12370,12129.072000000002,5,2018-11-17,43,3,Platinum
CC-12430,2870.05,10,2018-12-30,0,0,Gold
CC-12475,1659.438,9,2018-11-21,39,0,Gold
CC-12550,113.832,3,2018-12-03,27,2,Silver
CC-12610,2540.631,7,2018-11-26,34,0,Gold
CC-12670,2269.7015,7,2018-12-01,29,0,Gold
CC-12685,2854.1150000000002,4,2016-10-23,798,1,Bronze
CD-11920,2033.968,5,2018-11-20,40,2,Silver
CD-11980,639.766,3,2018-11-06,54,2,Silver
CD-12280,1205.584,2,2018-11-18,42,2,Silver
CD-12790,1860.732,5,2017-11-26,399,1,Bronze
CG-12040,904.4680000000001,6,2018-11-11,49,2,Silver
CG-12520,1148.7800000000002,3,2018-01-26,338,1,Bronze
CH-12070,1537.236,3,2017-02-08,690,1,Bronze
CJ-11875,16.52,1,2017-12-30,365,1,Bronze
CJ-12010,11164.974,8,2018-06-24,189,3,Platinum
CK-12205,3154.855,13,2018-11-21,39,0,Gold
CK-12325,2945.321,5,2018-09-01,120,2,Silver
CK-12595,2372.75,11,2018-11-17,43,0,Gold
CK-12760,1582.109,9,2018-10-09,82,0,Gold
CL-11890,1262.0140000000001,4,2018-09-15,106,2,Silver
CL-12565,10880.546,12,2018-03-21,284,3,Platinum
CL-12700,2335.586,4,2018-04-14,260,2,Silver
CM-11815,1673.888,6,2018-08-21,131,2,Silver
CM-11935,565.392,2,2017-01-22,707,1,Bronze
CM-12115,1661.6100000000001,4,2018-12-22,8,2,Silver
CM-12160,2533.314,6,2018-12-04,26,2,Silver
CM-12190,1475.144,6,2018-12-22,8,2,Silver
CM-12235,2305.712,5,2017-12-10,385,1,Bronze
CM-12385,8954.019999999999,4,2018-11-23,37,3,Platinum
CM-12445,287.99,3,2017-10-20,436,1,Bronze
CM-12655,5890.508,5,2018-12-03,27,2,Silver
CM-12715,3984.4524,4,2016-03-01,1034,1,Bronze
CP-12085,5402.254,8,2018-10-09,82,0,Gold
CP-12340,5817.187,7,2018-07-23,160,0,Gold
CR-12580,2148.852,4,2018-11-03,57,2,Silver
CR-12625,475.9,3,2017-09-16,470,1,Bronze
CR-12730,1600.55,4,2018-10-13,78,2,Silver
CR-12820,1397.8724,3,2018-10-06,85,2,Silver
CS-11845,1278.954,5,2018-09-30,91,2,Silver
CS-11860,537.632,6,2018-07-21,162,2,Silver
CS-11950,3036.547,11,2018-12-05,25,0,Gold
CS-12130,884.64,4,2017-08-28,489,1,Bronze
CS-12175,844.4580000000001,5,2018-05-12,232,2,Silver
CS-12250,2754.216,12,2018-12-04,26,0,Gold
CS-12355,3202.1620000000003,11,2018-12-24,6,0,Gold
CS-12400,3651.8585000000003,9,2018-12-28,2,0,Gold
CS-12460,550.644,2,2018-12-03,27,2,Silver
CS-12490,970.1105,4,2017-11-01,424,1,Bronze
CS-12505,5690.054999999999,6,2018-11-02,58,0,Gold
CT-11995,3241.898,8,2018-09-25,96,0,Gold
CV-12295,2830.6279999999997,5,2018-04-20,254,2,Silver
CV-12805,2370.3136,9,2018-12-25,5,0,Gold
CW-11905,1136.592,6,2018-12-08,22,2,Silver
CY-12745,2004.0819999999999,7,2018-10-31,60,0,Gold
Co-12640,1300.076,5,2017-06-29,549,1,Bronze
DA-13450,156.76,4,2018-01-12,352,1,Bronze
DB-12910,2171.599,8,2018-12-09,21,0,Gold
DB-12970,2469.6672,4,2018-05-03,241,2,Silver
DB-13060,4151.51,6,2018-12-14,16,0,Gold
DB-13120,2973.094,7,2018-11-12,48,0,Gold
DB-13210,2332.577,10,2018-12-21,9,0,Gold
DB-13270,4655.897,8,2018-11-07,53,0,Gold
DB-13360,1081.466,5,2018-04-10,264,2,Silver
DB-13405,1711.692,4,2018-06-26,187,2,Silver
DB-13555,3908.8028,7,2018-09-14,107,0,Gold
DB-13615,1989.05,7,2018-11-27,33,0,Gold
DB-13660,1155.202,7,2018-12-18,12,0,Gold
DC-12850,3336.168,9,2018-11-23,37,0,Gold
DC-13285,1174.618,5,2018-12-07,23,2,Silver
DD-13570,269.542,6,2018-11-19,41,2,Silver
DE-13255,2550.874,5,2017-01-11,718,1,Bronze
DF-13135,2390.534,3,2017-01-30,699,1,Bronze
DG-13300,3195.818,5,2018-11-28,32,2,Silver
DH-13075,3487.1980000000003,5,2018-03-28,277,2,Silver
DH-13675,1043.096,4,2016-11-15,775,1,Bronze
DJ-13420,2012.52,4,2017-04-02,637,1,Bronze
DJ-13510,2501.6879999999996,8,2018-11-12,48,0,Gold
DJ-13630,3356.398,3,2018-12-18,12,2,Silver
DK-12835,3256.48,12,2018-12-09,21,0,Gold
DK-12895,4282.176,5,2018-11-15,45,2,Silver
DK-12985,1687.04,5,2018-12-23,7,2,Silver
DK-13090,2650.557,7,2018-11-18,42,0,Gold
DK-13150,797.832,2,2018-12-20,10,2,Silver
DK-13225,4802.394,9,2018-12-20,10,0,Gold
DK-13375,3318.486,8,2018-12-11,19,0,Gold
DL-12865,444.024,7,2018-09-21,100,2,Silver
DL-12925,3272.2,6,2018-11-03,57,2,Silver
DL-13315,1458.258,8,2018-12-08,22,0,Gold
DL-13330,585.02,4,2018-11-03,57,2,Silver
DL-13495,3539.322,8,2018-10-15,76,0,Gold
DM-12955,1322.034,7,2018-09-07,114,2,Silver
DM-13015,6345.103,7,2018-11-03,57,3,Platinum
DM-13345,4074.4719999999998,8,2018-12-08,22,0,Gold
DM-13525,1376.792,3,2017-09-05,481,1,Bronze
DN-13690,2139.79,7,2018-05-27,217,0,Gold
DO-13435,1300.0315,9,2018-08-19,133,0,Gold
DO-13645,1267.316,7,2018-12-04,26,0,Gold
DP-13000,897.524,8,2018-08-26,126,0,Gold
DP-13105,2215.002,8,2018-12-24,6,0,Gold
DP-13165,1058.616,2,2016-10-10,811,1,Bronze
DP-13390,5480.723999999999,9,2018-01-06,358,0,Gold
DR-12880,6528.034000000001,9,2018-12-27,3,3,Platinum
DR-12940,8350.868,8,2018-11-10,50,3,Platinum
DS-13030,1762.213,4,2018-09-28,93,2,Silver
DS-13180,2881.8128,9,2018-12-07,23,0,Gold
DV-13045,1119.483,5,2018-12-11,19,2,Silver
DV-13465,3254.487,5,2018-12-01,29,2,Silver
DW-13195,1080.751,6,2018-10-22,69,2,Silver
DW-13480,5271.628,5,2018-05-27,217,2,Silver
DW-13540,344.08,5,2018-09-23,98,2,Silver
DW-13585,1204.854,7,2018-05-02,242,2,Silver
Dl-13600,755.602,5,2018-09-02,119,2,Silver
Dp-13240,7198.7609999999995,11,2018-10-07,84,3,Platinum
EA-14035,2752.441,12,2018-07-31,152,0,Gold
EB-13705,3644.978,9,2018-11-12,48,0,Gold
EB-13750,3236.314,10,2018-11-25,35,0,Gold
EB-13840,964.448,4,2018-10-01,90,2,Silver
EB-13870,2767.219,10,2018-09-21,100,0,Gold
EB-13930,944.6000000000001,5,2018-07-22,161,2,Silver
EB-13975,1643.255,4,2018-12-30,0,2,Silver
EB-14110,3071.126,6,2018-09-08,113,2,Silver
EB-14170,1186.326,6,2018-10-09,82,2,Silver
EC-14050,461.914,5,2018-11-07,53,2,Silver
ED-13885,3484.92,8,2018-08-17,135,0,Gold
EG-13900,1832.02,5,2018-12-08,22,2,Silver
EH-13765,9940.380000000001,10,2018-08-17,135,3,Platinum
EH-13945,684.1709999999999,8,2018-05-27,217,0,Gold
EH-13990,825.9499999999999,6,2017-11-20,405,1,Bronze
EH-14005,1219.53,7,2018-12-28,2,0,Gold
EH-14125,3082.653,10,2018-07-31,152,0,Gold
EH-14185,923.884,6,2018-09-16,105,2,Silver
EJ-13720,2162.174,4,2018-03-03,302,2,Silver
EJ-14155,2656.691,5,2018-11-03,57,2,Silver
EK-13795,1303.478,4,2018-11-16,44,2,Silver
EL-13735,124.28,2,2018-10-14,77,2,Silver
EM-13810,2567.0099999999998,5,2018-08-20,132,2,Silver
EM-13825,2339.598,8,2018-11-05,55,0,Gold
EM-13960,933.704,5,2018-08-01,151,2,Silver
EM-14065,228.99,4,2018-11-13,47,2,Silver
EM-14095,1041.0420000000001,4,2018-09-08,113,2,Silver
EM-14140,4588.436000000001,6,2018-11-12,48,0,Gold
EM-14200,366.822,3,2018-07-25,158,2,Silver
EN-13780,2199.366,4,2018-03-18,287,2,Silver
EP-13915,5478.0608,17,2018-12-18,12,0,Gold
ER-13855,1245.788,3,2017-11-04,421,1,Bronze
ES-14020,3510.4579999999996,5,2018-11-20,40,2,Silver
ES-14080,4657.924,9,2018-12-02,28,0,Gold
FA-14230,2984.054,7,2018-09-24,97,0,Gold
FC-14245,3418.742,7,2018-10-21,70,0,Gold
FC-14335,3889.366,7,2018-06-29,184,0,Gold
FG-14260,1383.144,7,2018-11-26,34,0,Gold
FH-14275,4256.272,10,2018-11-23,37,0,Gold
FH-14350,2271.284,4,2018-06-01,212,2,Silver
FH-14365,6987.196,8,2018-12-25,5,3,Platinum
FM-14215,2456.638,10,2018-12-23,7,0,Gold
FM-14290,3736.198,9,2018-11-24,36,0,Gold
FM-14380,2523.266,9,2018-08-07,145,0,Gold
FO-14305,2678.438,10,2018-11-22,38,0,Gold
FP-14320,4046.746,8,2018-12-07,23,0,Gold
FW-14395,79.75,3,2018-01-02,362,1,Bronze
GA-14515,3797.2320000000004,5,2018-08-03,149,2,Silver
GA-14725,1398.382,11,2018-12-25,5,0,Gold
GB-14530,1568.44,11,2018-10-29,62,0,Gold
GB-14575,4716.288,5,2018-12-17,13,2,Silver
GD-14590,1888.07,4,2018-12-25,5,2,Silver
GG-14650,2224.0,9,2018-11-17,43,0,Gold
GH-14410,2819.4669999999996,9,2018-10-16,75,0,Gold
GH-14425,4172.8460000000005,4,2018-11-10,50,2,Silver
GH-14485,1361.2440000000001,2,2017-12-08,387,1,Bronze
GH-14665,146.94080000000002,2,2018-12-28,2,2,Silver
GK-14620,6497.27,9,2018-09-09,112,3,Platinum
GM-14440,3582.8199999999997,7,2018-10-08,83,0,Gold
GM-14455,3078.624,6,2018-12-14,16,2,Silver
GM-14500,1255.682,10,2018-09-15,106,0,Gold
GM-14680,3163.628,6,2018-07-31,152,2,Silver
GM-14695,6049.966,3,2018-09-04,117,2,Silver
GP-14740,236.53,2,2016-11-26,764,1,Bronze
GR-14560,1284.38,2,2015-11-21,1135,1,Bronze
GT-14635,9351.212,3,2018-11-04,56,3,Platinum
GT-14710,11820.119999999999,11,2018-11-24,36,3,Platinum
GT-14755,226.436,4,2018-11-26,34,2,Silver
GW-14605,2189.019,7,2018-12-02,28,0,Gold
GZ-14470,4355.150000000001,9,2018-12-23,7,0,Gold
GZ-14545,2454.6220000000003,4,2018-07-26,157,2,Silver
HA-14905,2163.3,7,2018-10-22,69,0,Gold
HA-14920,2584.158,8,2018-12-10,20,0,Gold
HD-14785,251.36,3,2016-11-22,768,1,Bronze
HE-14800,755.462,3,2018-12-18,12,2,Silver
HF-14995,2533.1639999999998,7,2018-12-09,21,0,Gold
HG-14845,785.628,5,2018-11-06,54,2,Silver
HG-14965,3247.642,12,2018-12-07,23,0,Gold
HG-15025,3690.284,7,2018-12-24,6,0,Gold
HH-15010,218.668,2,2018-10-19,72,2,Silver
HJ-14875,358.1,5,2018-08-26,126,2,Silver
HK-14890,4877.784,8,2018-08-01,151,0,Gold
HL-15040,12873.297999999999,6,2018-11-17,43,3,Platinum
HM-14860,8236.7648,10,2018-12-28,2,3,Platinum
HM-14980,736.276,4,2018-04-27,247,2,Silver
HP-14815,1990.314,7,2018-11-30,30,0,Gold
HR-14770,940.588,4,2018-12-17,13,2,Silver
HR-14830,5248.787,7,2018-07-24,159,0,Gold
HW-14935,4827.934,7,2018-09-04,117,0,Gold
HZ-14950,886.52,5,2018-11-25,35,2,Silver
IG-15085,744.574,4,2018-10-20,71,2,Silver
IL-15100,5040.736,7,2018-08-10,142,0,Gold
IM-15055,48.4,2,2017-11-16,409,1,Bronze
IM-15070,4930.474,7,2017-12-05,390,0,Gold
JA-15970,6491.026,8,2018-09-29,92,3,Platinum
JB-15400,1791.605,10,2018-12-23,7,0,Gold
JB-15925,900.552,3,2016-12-24,736,1,Bronze
JB-16000,644.1188,7,2018-11-17,43,2,Silver
JB-16045,2518.115,5,2018-12-23,7,2,Silver
JC-15340,71.263,4,2018-09-07,114,2,Silver
JC-15385,1058.108,1,2018-07-08,175,2,Silver
JC-15775,2772.055,9,2018-07-25,158,0,Gold
JC-16105,858.576,5,2018-11-03,57,2,Silver
JD-15790,2152.352,5,2018-09-04,117,2,Silver
JD-15895,7610.8640000000005,11,2017-12-01,394,3,Platinum
JD-16015,385.43,6,2018-09-09,112,2,Silver
JD-16060,695.442,3,2018-03-05,300,2,Silver
JD-16150,8828.0305,8,2018-11-19,41,3,Platinum
JE-15475,1388.682,6,2018-06-20,193,2,Silver
JE-15610,7754.976,7,2018-11-12,48,3,Platinum
JE-15715,8697.842999999999,10,2018-11-14,46,3,Platinum
JE-15745,6760.8150000000005,13,2018-11-09,51,3,Platinum
JE-16165,2697.248,3,2018-12-10,20,2,Silver
JF-15190,2239.606,6,2018-10-26,65,2,Silver
JF-15295,955.124,5,2018-05-19,225,2,Silver
JF-15355,1911.844,6,2018-09-16,105,2,Silver
JF-15415,2309.432,5,2018-12-28,2,2,Silver
JF-15490,890.95,10,2018-08-31,121,0,Gold
JF-15565,4198.332,8,2018-11-06,54,0,Gold
JG-15115,2358.676,3,2016-12-03,757,1,Bronze
JG-15160,6366.392,11,2018-12-29,1,0,Gold
JG-15310,2240.58,6,2018-12-28,2,2,Silver
JG-15805,1507.018,6,2018-05-21,223,2,Silver
JH-15430,309.281,4,2018-12-25,5,2,Silver
JH-15820,528.91,6,2018-07-09,174,2,Silver
JH-15910,959.477,7,2018-11-19,41,2,Silver
JH-15985,7954.9980000000005,6,2018-12-01,29,3,Platinum
JH-16180,2256.3940000000002,4,2017-11-21,404,1,Bronze
JJ-15445,709.178,5,2017-09-03,483,1,Bronze
JJ-15760,195.0,2,2016-12-08,752,1,Bronze
JK-15205,4262.2919999999995,4,2018-10-30,61,2,Silver
JK-15325,383.812,3,2018-03-18,287,2,Silver
JK-15370,2136.458,7,2018-11-16,44,0,Gold
JK-15625,3760.028,7,2018-10-30,61,0,Gold
JK-15640,4760.434,9,2018-07-03,180,0,Gold
JK-15730,4769.9,9,2018-10-07,84,0,Gold
JK-16090,3747.668,3,2018-12-02,28,2,Silver
JK-16120,2932.484,10,2018-09-04,117,0,Gold
JL-15130,1214.956,6,2018-12-22,8,2,Silver
JL-15175,1571.523,5,2018-12-24,6,2,Silver
JL-15235,2203.7,5,2018-09-02,119,2,Silver
JL-15505,3173.874,6,2018-11-11,49,2,Silver
JL-15835,9576.343,10,2018-12-09,21,3,Platinum
JL-15850,2725.256,6,2017-04-25,614,1,Bronze
JM-15250,3159.1220000000003,6,2018-11-23,37,2,Silver
JM-15265,1804.146,5,2018-11-23,37,2,Silver
JM-15535,1733.443,7,2018-09-19,102,0,Gold
JM-15580,303.948,5,2018-12-30,0,2,Silver
JM-15655,864.947,5,2018-12-22,8,2,Silver
JM-15865,7625.076000000001,7,2018-09-12,109,3,Platinum
JM-16195,2833.9260000000004,10,2018-11-03,57,0,Gold
JO-15145,3254.949,9,2018-11-03,57,0,Gold
JO-15280,1934.272,6,2018-09-29,92,2,Silver
JO-15550,1090.838,5,2018-05-29,215,2,Silver
JP-15460,1669.135,7,2018-11-23,37,0,Gold
JP-15520,3635.594,7,2018-12-22,8,0,Gold
JP-16135,1707.71,9,2018-09-19,102,0,Gold
JR-15670,1156.658,2,2017-05-16,593,1,Bronze
JR-15700,863.88,1,2018-10-23,68,2,Silver
JR-16210,2201.686,5,2018-11-27,33,2,Silver
JS-15595,1417.654,4,2018-09-02,119,2,Silver
JS-15685,990.1959999999999,3,2018-11-18,42,2,Silver
JS-15880,3868.02,5,2017-07-14,534,1,Bronze
JS-15940,469.169,5,2017-09-23,463,1,Bronze
JS-16030,2516.494,6,2018-12-02,28,2,Silver
JW-15220,7721.714,6,2018-11-18,42,3,Platinum
JW-15955,1049.2379999999998,6,2018-12-25,5,2,Silver
JW-16075,1428.731,4,2017-09-25,461,1,Bronze
KA-16525,1519.506,7,2018-11-24,36,0,Gold
KB-16240,3152.6150000000002,7,2018-12-26,4,0,Gold
KB-16315,1569.464,9,2018-03-09,296,0,Gold
KB-16405,908.821,3,2018-09-04,117,2,Silver
KB-16585,2744.742,12,2018-05-14,230,0,Gold
KB-16600,983.922,7,2018-12-29,1,2,Silver
KC-16255,2120.954,6,2017-11-18,407,1,Bronze
KC-16540,3908.262,4,2018-09-24,97,2,Silver
KC-16675,1146.05,4,2018-11-03,57,2,Silver
KD-16270,8282.358,5,2017-09-02,484,3,Platinum
KD-16345,1888.964,6,2018-11-19,41,2,Silver
KD-16495,8181.256,12,2018-09-09,112,3,Platinum
KD-16615,907.158,4,2018-03-16,289,2,Silver
KE-16420,1453.2812000000001,7,2018-12-04,26,0,Gold
KF-16285,10604.266,7,2018-09-24,97,3,Platinum
KH-16330,3312.864,8,2018-11-20,40,0,Gold
KH-16360,3100.612,6,2018-12-29,1,2,Silver
KH-16510,5229.695000000001,6,2018-12-08,22,0,Gold
KH-16630,3918.9660000000003,9,2018-11-02,58,0,Gold
KH-16690,5990.799,7,2018-12-28,2,0,Gold
KL-16555,5016.488,8,2018-12-14,16,0,Gold
KL-16645,14175.229000000001,12,2018-11-13,47,3,Platinum
KM-16225,2260.958,6,2018-12-16,14,2,Silver
KM-16375,5620.186,8,2018-11-04,56,0,Gold
KM-16660,453.538,5,2018-12-15,15,2,Silver
KM-16720,4909.472,8,2018-12-02,28,0,Gold
KN-16390,2224.0860000000002,8,2018-12-11,19,0,Gold
KN-16450,2171.962,5,2018-11-08,52,2,Silver
KN-16705,2003.01,7,2018-09-23,98,0,Gold
KS-16300,88.472,3,2018-03-10,295,2,Silver
KT-16465,3057.1,7,2017-12-04,391,1,Bronze
KT-16480,4642.088400000001,10,2018-09-21,100,0,Gold
KW-16435,4416.5199999999995,5,2018-09-25,96,2,Silver
KW-16570,449.096,4,2016-11-20,770,1,Bronze
LA-16780,8673.222,11,2018-07-29,154,3,Platinum
LB-16735,50.188,3,2018-11-12,48,2,Silver
LB-16795,4985.676,8,2018-07-31,152,0,Gold
LC-16870,2580.7039999999997,8,2018-12-03,27,0,Gold
LC-16885,7663.126,12,2018-12-14,16,3,Platinum
LC-16930,4492.946,8,2018-11-19,41,0,Gold
LC-16960,3246.626,4,2017-10-20,436,1,Bronze
LC-17050,2095.064,5,2018-11-06,54,2,Silver
LC-17140,2633.582,9,2018-12-17,13,0,Gold
LD-16855,5.304,1,2017-06-26,552,1,Bronze
LD-17005,1961.934,4,2017-11-11,414,1,Bronze
LE-16810,1469.45,6,2018-12-09,21,2,Silver
LF-17185,3930.5089999999996,7,2018-12-08,22,0,Gold
LH-16750,287.426,3,2018-08-01,151,2,Silver
LH-16900,2295.332,9,2018-12-09,21,0,Gold
LH-17020,318.239,4,2018-05-05,239,2,Silver
LH-17155,1739.689,9,2017-12-10,385,0,Gold
LL-16840,2454.554,5,2018-04-25,249,2,Silver
LM-17065,1346.774,5,2017-12-04,391,1,Bronze
LO-17170,644.35,5,2018-12-28,2,2,Silver
LP-17080,756.606,4,2018-11-20,40,2,Silver
LP-17095,3104.439,6,2018-12-21,9,2,Silver
LR-16915,5142.892,6,2018-12-04,26,0,Gold
LR-17035,1879.306,5,2018-08-20,132,2,Silver
LS-16945,2845.27,6,2018-07-05,178,2,Silver
LS-16975,2988.674,9,2018-12-10,20,0,Gold
LS-17200,1010.2560000000001,6,2018-09-25,96,2,Silver
LS-17230,368.88000000000005,3,2016-11-14,776,1,Bronze
LS-17245,1008.1360000000001,6,2018-11-26,34,2,Silver
LT-16765,329.876,3,2018-12-04,26,2,Silver
LT-17110,2936.252,8,2018-11-26,34,0,Gold
LW-16825,2238.061,5,2018-10-03,88,2,Silver
LW-16990,3230.308,6,2018-11-27,33,2,Silver
LW-17125,1259.04,3,2018-06-08,205,2,Silver
LW-17215,5420.514,7,2018-12-09,21,0,Gold
MA-17560,4299.161,11,2018-10-27,64,0,Gold
MA-17995,2453.284,6,2018-06-27,186,2,Silver
MB-17305,1548.702,10,2018-11-12,48,0,Gold
MB-18085,1428.231,7,2018-11-16,44,0,Gold
MC-17275,2725.982,8,2018-10-15,76,0,Gold
MC-17425,4432.138,5,2017-11-26,399,1,Bronze
MC-17575,1303.893,8,2018-12-03,27,0,Gold
MC-17590,2426.067,6,2018-11-09,51,2,Silver
MC-17605,2258.192,8,2018-09-09,112,0,Gold
MC-17635,795.154,4,2018-06-24,189,2,Silver
MC-17845,3805.714,7,2018-12-29,1,0,Gold
MC-18100,2218.98,10,2018-11-19,41,0,Gold
MC-18130,1581.9979999999998,5,2017-12-26,369,1,Bronze
MD-17350,2716.412,6,2018-09-04,117,2,Silver
MD-17860,1204.91,5,2018-11-24,36,2,Silver
ME-17320,10663.728000000001,10,2018-11-18,42,3,Platinum
ME-17725,1908.4532,8,2018-12-02,28,0,Gold
ME-18010,1256.944,4,2018-09-29,92,2,Silver
MF-17665,937.039,5,2017-11-04,421,1,Bronze
MF-18250,1758.3,5,2018-12-23,7,2,Silver
MG-17650,3785.276,7,2018-12-01,29,0,Gold
MG-17680,2350.188,4,2018-09-29,92,2,Silver
MG-17695,1342.282,3,2017-06-23,555,1,Bronze
MG-17875,1242.8329999999999,5,2018-09-05,116,2,Silver
MG-17890,776.384,9,2018-09-22,99,0,Gold
MG-18145,3061.543,4,2018-10-07,84,2,Silver
MG-18205,16.739,1,2018-04-10,264,2,Silver
MH-17290,1691.505,5,2018-03-11,294,2,Silver
MH-17440,400.016,4,2017-12-19,376,1,Bronze
MH-17455,2146.694,7,2018-07-13,170,0,Gold
MH-17620,1252.8,4,2018-07-28,155,2,Silver
MH-17785,2203.7780000000002,7,2018-09-23,98,0,Gold
MH-18025,2984.948,5,2018-11-11,49,2,Silver
MH-18115,5503.093,9,2018-12-25,5,0,Gold
MJ-17740,6320.746,7,2018-12-08,22,3,Platinum
MK-17905,2302.368,8,2018-12-02,28,0,Gold
MK-18160,1031.602,4,2018-05-04,240,2,Silver
ML-17395,2722.843,9,2018-10-22,69,0,Gold
ML-17410,2885.26,5,2018-11-06,54,2,Silver
ML-17755,2071.9139999999998,7,2018-12-01,29,0,Gold
ML-18040,742.082,3,2018-10-12,79,2,Silver
ML-18265,162.232,2,2018-09-21,100,2,Silver
MM-17260,1314.023,4,2018-07-15,168,2,Silver
MM-17920,3640.2560000000003,10,2018-12-23,7,0,Gold
MM-18055,2749.881,8,2018-10-30,61,0,Gold
MM-18280,775.414,9,2018-10-06,85,0,Gold
MN-17935,2477.946,6,2018-11-26,34,2,Silver
MO-17500,922.487,4,2018-10-19,72,2,Silver
MO-17800,1687.0269999999998,8,2018-09-17,104,0,Gold
MO-17950,154.288,2,2018-07-03,180,2,Silver
MP-17470,2945.822,6,2017-01-11,718,1,Bronze
MP-17965,3983.6420000000003,9,2018-10-19,72,0,Gold
MP-18175,4757.332,8,2018-12-14,16,0,Gold
MR-17545,639.178,4,2018-08-27,125,2,Silver
MS-17365,7443.6900000000005,10,2018-04-01,273,3,Platinum
MS-17530,475.65599999999995,4,2017-10-22,434,1,Bronze
MS-17710,1613.402,6,2017-11-12,413,1,Bronze
MS-17770,3144.678,9,2018-08-31,121,0,Gold
MS-17830,370.348,4,2017-10-04,452,1,Bronze
MS-17980,855.116,6,2018-12-04,26,2,Silver
MT-17815,2890.139,6,2018-11-11,49,2,Silver
MT-18070,1319.4498,4,2018-06-10,203,2,Silver
MV-17485,1560.05,9,2018-12-03,27,0,Gold
MV-18190,1734.574,7,2018-12-11,19,0,Gold
MW-18220,5341.900000000001,7,2018-12-13,17,0,Gold
MW-18235,5253.876,2,2018-11-16,44,2,Silver
MY-17380,2254.285,7,2018-12-01,29,0,Gold
MY-18295,3601.88,10,2018-10-20,71,0,Gold
MZ-17335,593.606,4,2018-11-30,30,2,Silver
MZ-17515,2564.906,6,2018-03-23,282,2,Silver
NB-18580,273.87199999999996,2,2015-10-22,1165,1,Bronze
NB-18655,1972.599,9,2018-12-11,19,0,Gold
NC-18340,2461.404,5,2018-05-20,224,2,Silver
NC-18415,2218.9900000000002,6,2018-11-19,41,2,Silver
NC-18535,8241.739,7,2018-12-24,6,3,Platinum
NC-18625,1821.742,5,2018-06-09,204,2,Silver
ND-18370,4326.139,9,2018-12-03,27,0,Gold
ND-18460,2893.455,6,2018-06-30,183,2,Silver
NF-18385,8080.474,6,2018-10-12,79,3,Platinum
NF-18475,377.16200000000003,4,2017-07-23,525,1,Bronze
NF-18595,2031.472,7,2018-09-07,114,0,Gold
NG-18355,1869.58,5,2018-11-12,48,2,Silver
NG-18430,1395.9379999999999,5,2018-11-12,48,2,Silver
NH-18610,2518.6659999999997,6,2018-06-24,189,2,Silver
NK-18490,572.048,7,2018-10-21,70,2,Silver
NL-18310,1418.0900000000001,4,2018-11-02,58,2,Silver
NM-18445,6459.344,7,2018-07-23,160,3,Platinum
NM-18520,2161.979,10,2018-04-30,244,0,Gold
NP-18325,5529.62,6,2018-12-05,25,0,Gold
NP-18670,3908.402,5,2018-11-02,58,2,Silver
NP-18685,1164.73,5,2017-11-19,406,1,Bronze
NP-18700,7903.1825,7,2018-08-14,138,3,Platinum
NR-18550,2367.277,5,2018-06-03,210,2,Silver
NS-18505,2575.863,4,2018-12-24,6,2,Silver
NS-18640,2857.753,12,2018-07-09,174,0,Gold
NW-18400,7234.014,7,2018-07-11,172,3,Platinum
NZ-18565,2488.31,9,2018-10-06,85,0,Gold
ON-18715,1567.52,9,2017-11-15,410,0,Gold
OT-18730,3818.624,5,2018-10-26,65,2,Silver
PA-19060,729.408,6,2018-09-18,103,2,Silver
PB-18805,740.356,3,2018-12-05,25,2,Silver
PB-19105,688.324,4,2018-11-03,57,2,Silver
PB-19150,1456.95,8,2018-09-24,97,0,Gold
PB-19210,132.738,2,2017-02-11,687,1,Bronze
PC-18745,1832.064,4,2018-12-28,2,2,Silver
PC-19000,1061.488,2,2016-08-01,881,1,Bronze
PF-19120,9062.864,4,2016-09-17,834,1,Bronze
PF-19165,2770.0,6,2018-06-17,196,2,Silver
PF-19225,2206.1279999999997,5,2018-09-07,114,2,Silver
PG-18820,3086.907,13,2018-11-24,36,0,Gold
PG-18895,1987.164,9,2018-11-03,57,0,Gold
PH-18790,729.648,1,2018-10-21,70,2,Silver
PJ-18835,1220.09,8,2018-11-21,39,0,Gold
PJ-19015,1677.536,6,2018-08-18,134,2,Silver
PK-18910,1441.152,2,2017-09-03,483,1,Bronze
PK-19075,8646.934,12,2018-12-21,9,3,Platinum
PL-18925,239.481,5,2018-12-15,15,2,Silver
PM-18940,1405.402,3,2017-12-09,386,1,Bronze
PM-19135,4115.662,4,2018-11-09,51,2,Silver
PN-18775,1467.152,8,2018-11-30,30,0,Gold
PO-18850,7473.8282,11,2018-12-26,4,3,Platinum
PO-18865,2493.214,7,2018-12-30,0,0,Gold
PO-19180,4893.043,9,2018-07-23,160,0,Gold
PO-19195,1056.858,5,2018-10-05,86,2,Silver
PP-18955,7252.608,10,2018-09-24,97,3,Platinum
PR-18880,1840.178,5,2018-11-24,36,2,Silver
PS-18760,2181.479,6,2018-09-14,107,2,Silver
PS-18970,1278.639,8,2018-10-22,69,0,Gold
PS-19045,6843.634,7,2018-05-08,236,3,Platinum
PT-19090,158.46,3,2018-10-20,71,2,Silver
PV-18985,2876.046,5,2018-10-02,89,2,Silver
PW-19030,3454.916,10,2018-11-14,46,0,Gold
PW-19240,3922.4150000000004,7,2017-09-22,464,1,Bronze
QJ-19255,6108.338,9,2018-12-05,25,0,Gold
RA-19285,2617.906,9,2018-12-25,5,0,Gold
RA-19885,3546.224,6,2018-11-05,55,2,Silver
RA-19915,4793.543,9,2018-12-18,12,0,Gold
RA-19945,1686.9225,5,2018-10-30,61,2,Silver
RB-19330,1008.1959999999999,2,2018-10-23,68,2,Silver
RB-19360,15117.339,6,2018-09-25,96,3,Platinum
RB-19435,1864.156,7,2018-11-19,41,0,Gold
RB-19465,4715.466,12,2018-12-21,9,0,Gold
RB-19570,528.546,5,2018-12-05,25,2,Silver
RB-19645,221.084,5,2017-03-22,648,1,Bronze
RB-19705,2067.45,4,2018-11-06,54,2,Silver
RB-19795,5633.316000000001,8,2018-11-28,32,0,Gold
RC-19825,966.409,6,2017-12-26,369,1,Bronze
RC-19960,652.644,4,2018-09-11,110,2,Silver
RD-19480,4272.93,8,2018-10-19,72,0,Gold
RD-19585,2832.904,9,2018-07-03,180,0,Gold
RD-19660,2745.892,4,2018-09-07,114,2,Silver
RD-19720,1419.737,10,2018-12-09,21,0,Gold
RD-19810,1137.616,8,2018-12-16,14,0,Gold
RD-19900,3133.924,9,2018-09-07,114,0,Gold
RD-19930,970.9420000000001,4,2018-11-18,42,2,Silver
RE-19405,48.36,1,2015-12-29,1097,1,Bronze
RE-19450,666.52,4,2018-03-03,302,2,Silver
RF-19345,3309.15,8,2017-12-05,390,0,Gold
RF-19735,2341.2960000000003,7,2018-10-02,89,0,Gold
RF-19840,938.862,7,2018-12-24,6,2,Silver
RH-19495,3621.3759999999997,5,2018-11-28,32,2,Silver
RH-19510,6979.18,6,2017-09-19,467,3,Platinum
RH-19555,740.382,2,2017-07-29,519,1,Bronze
RH-19600,2085.7400000000002,3,2017-07-14,534,1,Bronze
RK-19300,1460.192,3,2018-09-02,119,2,Silver
RL-19615,6234.91,8,2018-08-31,121,3,Platinum
RM-19375,1453.474,6,2018-01-19,345,2,Silver
RM-19675,5979.0960000000005,5,2018-12-24,6,2,Silver
RM-19750,98.35,1,2018-03-06,299,1,Bronze
RO-19780,3815.478,7,2018-11-25,35,0,Gold
RP-19270,954.6452,4,2017-08-21,496,1,Bronze
RP-19390,5153.084,12,2018-11-27,33,0,Gold
RP-19855,2055.356,7,2018-12-02,28,0,Gold
RR-19315,615.932,2,2018-12-11,19,2,Silver
RR-19525,3302.2619999999997,6,2018-07-13,170,2,Silver
RS-19420,3221.29,5,2018-10-15,76,2,Silver
RS-19765,4159.7699999999995,8,2018-11-24,36,0,Gold
RS-19870,22.328,2,2018-12-11,19,2,Silver
RW-19540,7397.401,7,2018-09-01,120,3,Platinum
RW-19630,3279.746,9,2018-10-02,89,0,Gold
RW-19690,3495.646,5,2018-10-12,79,2,Silver
SA-20830,4767.3415,10,2018-10-28,63,0,Gold
SB-20170,1348.02,3,2018-06-12,201,2,Silver
SB-20185,6410.996,6,2018-06-25,188,3,Platinum
SB-20290,8057.891,7,2018-11-13,47,3,Platinum
SC-20020,3362.9636,5,2016-11-10,780,1,Bronze
SC-20050,4624.572,9,2018-11-20,40,0,Gold
SC-20095,14142.333999999999,9,2018-01-15,349,3,Platinum
SC-20230,4371.9580000000005,4,2018-08-03,149,2,Silver
SC-20260,3729.7929999999997,8,2018-06-26,187,0,Gold
SC-20305,3650.473,6,2018-12-01,29,2,Silver
SC-20380,5992.536,9,2018-11-30,30,0,Gold
SC-20440,1874.998,7,2018-11-24,36,0,Gold
SC-20575,799.798,4,2018-09-29,92,2,Silver
SC-20680,1254.64,6,2018-08-26,126,2,Silver
SC-20695,2576.408,10,2018-10-02,89,0,Gold
SC-20725,5226.21,11,2018-06-26,187,0,Gold
SC-20770,4492.657,7,2018-11-19,41,0,Gold
SC-20800,279.25600000000003,4,2018-11-30,30,2,Silver
SC-20845,14.112,1,2017-11-11,414,1,Bronze
SD-20485,6121.114,9,2018-06-13,200,3,Platinum
SE-20110,12209.438000000002,11,2018-12-21,9,3,Platinum
SF-20065,763.5459999999999,7,2018-11-01,59,2,Silver
SF-20200,3422.7859999999996,9,2018-11-01,59,0,Gold
SF-20965,3336.535,9,2018-11-12,48,0,Gold
SG-20080,3406.5809999999997,3,2018-12-22,8,2,Silver
SG-20470,1884.798,8,2018-06-30,183,0,Gold
SG-20605,3118.892,5,2018-09-13,108,2,Silver
SG-20890,47.946,3,2018-05-18,226,2,Silver
SH-19975,2465.6594999999998,12,2018-12-01,29,0,Gold
SH-20395,2180.718,10,2018-12-07,23,0,Gold
SH-20635,2096.392,2,2016-11-26,764,1,Bronze
SJ-20125,3949.656,12,2018-09-26,95,0,Gold
SJ-20215,1341.036,6,2018-12-01,29,2,Silver
SJ-20500,1318.776,5,2018-04-21,253,2,Silver
SK-19990,883.409,3,2018-12-22,8,2,Silver
SL-20155,3046.532,6,2018-10-21,70,2,Silver
SM-20005,244.49399999999997,4,2017-11-04,421,1,Bronze
SM-20320,25043.05,5,2018-10-12,79,3,Platinum
SM-20905,1043.041,1,2017-05-03,606,1,Bronze
SM-20950,4464.862,11,2018-12-05,25,0,Gold
SN-20560,1860.418,6,2018-09-10,111,2,Silver
SN-20710,3127.9592,7,2018-10-12,79,0,Gold
SO-20335,2602.5755,6,2018-12-01,29,2,Silver
SP-20545,1306.086,6,2018-02-06,327,2,Silver
SP-20620,5440.319,9,2018-11-13,47,0,Gold
SP-20650,1872.4360000000001,9,2017-12-09,386,0,Gold
SP-20860,4282.94,10,2018-10-12,79,0,Gold
SP-20920,3990.689,6,2018-10-21,70,2,Silver
SR-20425,3233.481,5,2018-12-22,8,2,Silver
SR-20740,4345.8859999999995,8,2018-06-17,196,0,Gold
SS-20140,1324.028,8,2018-12-15,15,0,Gold
SS-20410,3056.8070000000002,6,2018-09-11,110,2,Silver
SS-20515,613.4,3,2017-08-26,491,1,Bronze
SS-20590,418.49,6,2017-10-24,432,1,Bronze
SS-20875,964.636,5,2018-09-01,120,2,Silver
ST-20530,433.34000000000003,7,2018-08-27,125,2,Silver
SU-20665,2595.364,7,2018-12-10,20,0,Gold
SV-20365,11470.949999999999,10,2018-09-20,101,3,Platinum
SV-20785,4105.305,9,2018-02-13,320,0,Gold
SV-20815,1271.0900000000001,4,2018-10-15,76,2,Silver
SV-20935,1903.491,8,2018-12-28,2,0,Gold
SW-20245,1085.078,7,2018-10-10,81,2,Silver
SW-20275,1966.65,6,2018-11-30,30,2,Silver
SW-20350,1019.044,3,2018-07-21,162,2,Silver
SW-20455,2835.564,6,2018-07-21,162,2,Silver
SW-20755,758.6959999999999,2,2017-07-14,534,1,Bronze
SZ-20035,3625.329,11,2018-11-25,35,0,Gold
TA-21385,14595.62,4,2018-10-22,69,3,Platinum
TB-21055,1451.361,4,2018-09-02,119,2,Silver
TB-21175,3589.296,4,2018-11-02,58,2,Silver
TB-21190,816.1740000000001,4,2018-11-11,49,2,Silver
TB-21250,1602.376,7,2018-01-15,349,2,Silver
TB-21280,2198.45,6,2017-05-26,583,1,Bronze
TB-21355,834.328,5,2018-08-06,146,2,Silver
TB-21400,9108.742,6,2018-06-11,202,3,Platinum
TB-21520,4737.486,9,2018-09-14,107,0,Gold
TB-21595,1240.871,4,2018-03-20,285,2,Silver
TB-21625,2797.668,9,2018-11-30,30,0,Gold
TC-20980,19052.218,5,2017-11-26,399,3,Platinum
TC-21145,1038.26,1,2018-09-15,106,2,Silver
TC-21295,4266.812,8,2018-12-03,27,0,Gold
TC-21475,1244.976,9,2018-07-30,153,0,Gold
TC-21535,742.5580000000001,7,2018-12-26,4,2,Silver
TD-20995,1434.5480000000002,9,2018-11-23,37,0,Gold
TG-21310,3058.372,5,2018-01-27,337,2,Silver
TG-21640,2074.661,4,2018-09-07,114,2,Silver
TH-21100,2422.824,5,2018-01-20,344,1,Bronze
TH-21115,2942.772,4,2018-11-02,58,2,Silver
TH-21235,1022.201,8,2018-09-04,117,0,Gold
TH-21550,4234.0960000000005,7,2018-10-19,72,0,Gold
TM-21010,2819.026,7,2018-09-18,103,0,Gold
TM-21490,1094.6779999999999,3,2018-08-22,130,2,Silver
TN-21040,3130.221,7,2018-10-01,90,0,Gold
TP-21130,4454.0560000000005,9,2018-12-22,8,0,Gold
TP-21415,5329.0048,5,2018-09-17,104,2,Silver
TP-21565,1936.6399999999999,4,2018-01-14,350,1,Bronze
TR-21325,675.9419999999999,5,2018-06-20,193,2,Silver
TS-21085,4.833,2,2018-01-07,357,1,Bronze
TS-21160,2163.6240000000003,6,2017-08-13,504,1,Bronze
TS-21205,5371.09,7,2018-06-15,198,0,Gold
TS-21340,974.7819999999999,5,2018-05-18,226,2,Silver
TS-21370,11891.751,6,2018-11-24,36,3,Platinum
TS-21430,2054.14,5,2018-07-11,172,2,Silver
TS-21505,2243.274,6,2018-12-19,11,2,Silver
TS-21610,2820.424,7,2018-11-05,55,0,Gold
TS-21655,3368.094,5,2018-05-06,238,2,Silver
TT-21070,4915.602,7,2018-11-29,31,0,Gold
TT-21220,1427.0439999999999,8,2018-06-30,183,0,Gold
TT-21265,439.5,3,2017-11-19,406,1,Bronze
TT-21460,5364.808,7,2018-12-18,12,0,Gold
TW-21025,5278.826,7,2018-10-27,64,0,Gold
TZ-21580,1707.286,4,2018-11-25,35,2,Silver
VB-21745,2005.596,6,2018-11-06,54,2,Silver
VD-21670,6442.254,6,2017-05-28,581,1,Bronze
VF-21715,847.944,5,2018-12-17,13,2,Silver
VG-21790,846.01,6,2018-07-29,154,2,Silver
VG-21805,418.432,4,2017-08-26,491,1,Bronze
VM-21685,2454.866,7,2018-11-06,54,0,Gold
VM-21835,380.69,5,2018-09-04,117,2,Silver
VP-21730,993.9019999999999,3,2018-11-30,30,2,Silver
VP-21760,3360.526,7,2018-10-16,75,0,Gold
VS-21820,1055.981,4,2018-05-23,221,2,Silver
VT-21700,1736.596,2,2016-04-05,999,1,Bronze
VW-21775,6134.0380000000005,10,2018-12-02,28,0,Gold
WB-21850,6129.71,10,2018-12-10,20,0,Gold
XP-21865,2374.658,11,2018-11-17,43,0,Gold
YC-21895,5454.35,5,2018-12-26,4,2,Silver
YS-21880,6720.4439999999995,8,2018-12-21,9,3,Platinum
ZC-21910,8025.707,13,2018-11-06,54,3,Platinum
ZD-21925,1493.944,5,2018-06-11,202,2,Silver
